nombre,apellido,telefono,correo,edad,sexo,direccion,tipo_de_piel,producto,cantidad,metodo_de_pago
"JUAN ALEJANDRO",loihhjh,22255454,ahajjd@123,17,Femenino,545454,Normal,"Delineadores precisión",5,"Tarjeta débito o crédito"
"JUAN ALEJANDRO",loihhjh,22255454,ahajjd@123,17,Masculino,545454,Seca,"Pinceles de maquillaje",1,"Tarjeta debito o credito"
"JUAN ALEJANDRO",loihhjh,22255454,ahajjd@123,17,Femenino,545454,Normal,"Pinceles de maquillaje",4,"Tarjeta debito o credito"
"JUAN ALEJANDRO",loihhjh,22255454,ahajjd@123,17,Femenino,545454,Normal,"Pinceles de maquillaje",4,"Tarjeta debito o credito"
"JUAN ALEJANDRO",loihhjh,22255454,ahajjd@123,17,Femenino,545454,Normal,"Pinceles de maquillaje",4,"Tarjeta debito o credito"
"JUAN ALEJANDRO",loihhjh,22255454,ahajjd@123,17,Femenino,545454,Normal,"Pinceles de maquillaje",4,"Tarjeta debito o credito"
"JUAN ALEJANDRO",loihhjh,22255454,ahajjd@123,17,Femenino,545454,Normal,"Pinceles de maquillaje",4,"Tarjeta debito o credito"
"JUAN ALEJANDRO",loihhjh,22255454,ahajjd@123,17,Femenino,545454,Normal,"Labiales profesionales",1,"Tarjeta debito o credito"
"JUAN ALEJANDRO",loihhjh,22255454,ahajjd@123,17,Femenino,545454,Normal,"Labiales profesionales",1,"Tarjeta debito o credito"
